platform,total_posts,mean_toxicity,mean_sentiment_polarity,mean_sentiment_subjectivity,avg_post_length
4chan,9425,0.34190719692294963,0.028105178095128497,0.3940825601452242,230.44838196286472
reddit,575,0.19649865301391303,0.02958096728313745,0.5059512614670214,1445.9408695652173
